locale,decimal_value
aa,4096
aa-DJ,4096
aa-ER,4096
aa-ET,4096
af,54
af-NA,4096
af-ZA,1078
agq,4096
agq-CM,4096
ak,4096
ak-GH,4096
sq,28
sq-AL,1052
sq-XK,4096
sq-MK,4096
gsw,132
gsw-FR,1156
gsw-LI,4096
gsw-CH,4096
am,94
am-ET,1118
ar,1
ar-DZ,5121
ar-BH,15361
ar-TD,4096
ar-KM,4096
ar-DJ,4096
ar-EG,3073
ar-ER,4096
ar-IQ,2049
ar-IL,4096
ar-JO,11265
ar-KW,13313
ar-LB,12289
ar-LY,4097
ar-MR,4096
ar-MA,6145
ar-OM,8193
ar-PS,4096
ar-QA,16385
ar-SA,1025
ar-SO,4096
ar-SS,4096
ar-SD,4096
ar-SY,10241
ar-TN,7169
ar-AE,14337
ar-001,4096
ar-YE,9217
hy,43
hy-AM,1067
as,77
as-IN,1101
ast,4096
ast-ES,4096
asa,4096
asa-TZ,4096
az,44
az-Cyrl,29740
az-Cyrl-AZ,2092
az-Latn,30764
az-Latn-AZ,1068
ksf,4096
ksf-CM,4096
bm,4096
bm-Latn,4096
bm-Latn-ML,4096
bn,69
bn-BD,2117
bn-IN,1093
bas,4096
bas-CM,4096
ba,109
ba-RU,1133
eu,45
eu-ES,1069
be,35
be-BY,1059
bem,4096
bem-ZM,4096
bez,4096
bez-TZ,4096
byn,4096
byn-ER,4096
brx,4096
brx-IN,4096
bs,30746
bs-Cyrl,25626
bs-Cyrl-BA,8218
bs-Latn,26650
bs-Latn-BA,5146
br,126
br-FR,1150
bg,2
bg-BG,1026
my,85
my-MM,1109
ca,3
ca-AD,4096
ca-ES,1027
ca-FR,4096
ca-IT,4096
tzm-Arab,4096
tzm-Arab-MA,1119
tzm-Latn-MA,4096
tzm-Tfng-MA,4191
ku,146
ku-Arab,31890
ku-Arab-IQ,1170
ce,4096
ce-RU,4096
chr,92
chr-Cher,31836
chr-Cher-US,1116
cgg,4096
cgg-UG,4096
zh,30724
zh-Hans-HK,4096
zh-Hans-MO,4096
zh-Hans,4
zh-Hans,4
zh-CN,2052
zh-SG,4100
zh-Hant,31748
zh-Hant,31748
zh-HK,3076
zh-MO,5124
zh-TW,1028
cu,4096
cu-RU,4096
ksh,4096
kw,4096
kw-GB,4096
co,131
co-FR,1155
hr,26
hr-HR,1050
hr-BA,4122
cs,5
cs-CZ,1029
da,6
da-DK,1030
da-GL,4096
prs,140
prs-AF,1164
dv,101
dv-MV,1125
dua,4096
dua-CM,4096
nl,19
nl-AW,4096
nl-BE,2067
nl-BQ,4096
nl-CW,4096
nl-NL,1043
nl-SX,4096
nl-SR,4096
dz,4096
dz-BT,3153
bin,102
bin-NG,1126
ebu,4096
ebu-KE,4096
en,9
en-AS,4096
en-AI,4096
en-AG,4096
en-AU,3081
en-AT,4096
en-BS,4096
en-BB,4096
en-BE,4096
en-BZ,10249
en-BM,4096
en-BW,4096
en-IO,4096
en-VG,4096
en-BI,4096
en-CM,4096
en-CA,4105
en-029,9225
en-KY,4096
en-CX,4096
en-CC,4096
en-CK,4096
en-CY,4096
en-DK,4096
en-DM,4096
en-ER,4096
en-150,4096
en-FK,4096
en-FJ,4096
en-FI,4096
en-GM,4096
en-DE,4096
en-GH,4096
en-GI,4096
en-GD,4096
en-GU,4096
en-GG,4096
en-GY,4096
en-HK,15369
en-IN,16393
en-ID,14345
en-IE,6153
en-IM,4096
en-IL,4096
en-JM,8201
en-JE,4096
en-KE,4096
en-KI,4096
en-LS,4096
en-LR,4096
en-MO,4096
en-MG,4096
en-MW,4096
en-MY,17417
en-MT,4096
en-MH,4096
en-MU,4096
en-FM,4096
en-MS,4096
en-NA,4096
en-NR,4096
en-NL,4096
en-NZ,5129
en-NG,4096
en-NU,4096
en-NF,4096
en-MP,4096
en-PK,4096
en-PW,4096
en-PG,4096
en-PH,13321
en-PN,4096
en-PR,4096
en-RW,4096
en-KN,4096
en-LC,4096
en-VC,4096
en-WS,4096
en-SC,4096
en-SL,4096
en-SG,18441
en-SX,4096
en-SI,4096
en-SB,4096
en-ZA,7177
en-SS,4096
en-SH,4096
en-SD,4096
en-SZ,4096
en-SE,4096
en-CH,4096
en-TZ,4096
en-TK,4096
en-TO,4096
en-TT,11273
en-TC,4096
en-TV,4096
en-UM,4096
en-VI,4096
en-UG,4096
en-GB,2057
en-US,1033
en-VU,4096
en-001,4096
en-ZM,4096
en-ZW,12297
eo,4096
eo-001,4096
et,37
et-EE,1061
ee,4096
ee-GH,4096
ee-TG,4096
ewo,4096
ewo-CM,4096
fo,56
fo-DK,4096
fo-FO,1080
fil,100
fil-PH,1124
fi,11
fi-FI,1035
fr,12
fr-DZ,4096
fr-BE,2060
fr-BJ,4096
fr-BF,4096
fr-BI,4096
fr-CM,11276
fr-CA,3084
fr-029,7180
fr-CF,4096
fr-TD,4096
fr-KM,4096
fr-CD,9228
fr-CG,4096
fr-CI,12300
fr-DJ,4096
fr-GQ,4096
fr-FR,1036
fr-GF,4096
fr-PF,4096
fr-GA,4096
fr-GP,4096
fr-GN,4096
fr-HT,15372
fr-LU,5132
fr-MG,4096
fr-ML,13324
fr-MQ,4096
fr-MR,4096
fr-MU,4096
fr-YT,4096
fr-MC,6156
fr-MA,14348
fr-NC,4096
fr-NE,4096
fr-RE,8204
fr-RW,4096
fr-BL,4096
fr-MF,4096
fr-PM,4096
fr-SN,10252
fr-SC,4096
fr-CH,4108
fr-SY,4096
fr-TG,4096
fr-TN,4096
fr-VU,4096
fr-WF,4096
fy,98
fy-NL,1122
fur,4096
fur-IT,4096
ff,103
ff-CM,4096
ff-GN,4096
ff-Latn,31847
ff-Latn-SN,2151
ff-MR,4096
ff-NG,1127
gl,86
gl-ES,1110
lg,4096
lg-UG,4096
ka,55
ka-GE,1079
de,7
de-AT,3079
de-BE,4096
de-DE,1031
de-IT,4096
de-LI,5127
de-LU,4103
de-CH,2055
el,8
el-CY,4096
el-GR,1032
kl,111
kl-GL,1135
gn,116
gn-PY,1140
gu,71
gu-IN,1095
guz,4096
guz-KE,4096
ha,104
ha-Latn,31848
ha-Latn-GH,4096
ha-Latn-NE,4096
ha-Latn-NG,1128
haw,117
haw-US,1141
he,13
he-IL,1037
hi,57
hi-IN,1081
hu,14
hu-HU,1038
ibb,105
ibb-NG,1129
is,15
is-IS,1039
ig,112
ig-NG,1136
id,33
id-ID,1057
ia,4096
ia-FR,4096
ia-001,4096
iu,93
iu-Latn,31837
iu-Latn-CA,2141
iu-Cans,30813
iu-Cans-CA,1117
,127
ga,60
ga-IE,2108
it,16
it-IT,1040
it-SM,4096
it-CH,2064
it-VA,4096
ja,17
ja-JP,1041
jv,4096
jv-Latn,4096
jv-Latn-ID,4096
jv-Java,4096
jv-Java-ID,4096
dyo,4096
dyo-SN,4096
quc,134
quc-Latn,31878
quc-Latn-GT,1158
kea,4096
kea-CV,4096
kab,4096
kab-DZ,4096
kkj,4096
kkj-CM,4096
kln,4096
kln-KE,4096
kam,4096
kam-KE,4096
kn,75
kn-IN,1099
kr,113
kr-NG,1137
ks,96
ks-Deva,4096
ks-Deva-IN,2144
ks-Arab,1120
ks-Arab-IN,4096
kk,63
kk-KZ,1087
km,83
km-KH,1107
ki,4096
ki-KE,4096
rw,135
rw-RW,1159
sw,65
sw-CD,4096
sw-KE,1089
sw-TZ,4096
sw-UG,4096
kok,87
kok-IN,1111
ko,18
ko-KR,1042
ko-KP,4096
khq,4096
khq-ML,4096
ses,4096
ses-ML,4096
ku-Arab-IR,4096
nmg,4096
nmg-CM,4096
ky,64
ky-KG,1088
lkt,4096
lkt-US,4096
lag,4096
lag-TZ,4096
lo,84
lo-LA,1108
la,118
la-001,1142
lv,38
lv-LV,1062
ln,4096
ln-AO,4096
ln-CF,4096
ln-CD,4096
ln-CG,4096
lt,39
lt-LT,1063
nds,4096
nds-DE,4096
nds-NL,4096
dsb,31790
dsb-DE,2094
lu,4096
lu-CD,4096
luo,4096
luo-KE,4096
lb,110
lb-LU,1134
luy,4096
luy-KE,4096
mk,47
mk-MK,1071
jmc,4096
jmc-TZ,4096
mgh,4096
mgh-MZ,4096
kde,4096
kde-TZ,4096
mg,4096
mg-MG,4096
ms,62
ms-BN,2110
ms-SG,4096
ms-MY,1086
ml,76
ml-IN,1100
mt,58
mt-MT,1082
mni,88
mni-IN,1112
gv,4096
gv-IM,4096
mi,129
mi-NZ,1153
arn,122
arn-CL,1146
mr,78
mr-IN,1102
mas,4096
mas-KE,4096
mas-TZ,4096
mzn,4096
mzn-IR,4096
mer,4096
mer-KE,4096
mgo,4096
mgo-CM,4096
moh,124
moh-CA,1148
mn,80
mn-Cyrl,30800
mn-MN,1104
mn-Mong,31824
mn-Mong-MN,3152
mn-Mong-CN,2128
mfe,4096
mfe-MU,4096
mua,4096
mua-CM,4096
nqo,4096
nqo-GN,4096
naq,4096
naq-NA,4096
ne,97
ne-IN,2145
ne-NP,1121
nnh,4096
nnh-CM,4096
jgo,4096
jgo-CM,4096
nd,4096
nd-ZW,4096
lrc,4096
lrc-IR,4096
lrc-IQ,4096
no,20
nb,31764
nn,30740
nb-NO,1044
nb-SJ,4096
nn-NO,2068
nus,4096
nus-SS,4096
nyn,4096
nyn-UG,4096
oc,130
oc-FR,1154
or,72
or-IN,1096
om,114
om-ET,1138
om-KE,4096
os-GE,4096
os-RU,4096
os,4096
pap,121
pap-029,1145
ps,99
ps-AF,1123
fa,41
fa-IR,1065
pl,21
pl-PL,1045
pt,22
pt-AO,4096
pt-BR,1046
pt-CV,4096
pt-GQ,4096
pt-GW,4096
pt-LU,4096
pt-MO,4096
pt-MZ,4096
pt-PT,2070
pt-CH,4096
pt-ST,4096
pt-TL,4096
prg,4096
prg-001,4096
pa,70
pa-Arab,31814
pa-IN,1094
pa-Arab-PK,2118
quz,107
quz-BO,1131
quz-EC,2155
quz-PE,3179
ksh-DE,4096
ro,24
ro-MD,2072
ro-RO,1048
rm,23
rm-CH,1047
rof,4096
rof-TZ,4096
rn,4096
rn-BI,4096
ru,25
ru-BY,4096
ru-KZ,4096
ru-KG,4096
ru-MD,2073
ru-RU,1049
ru-UA,4096
rwk,4096
rwk-TZ,4096
ssy,4096
ssy-ER,4096
sah,133
sah-RU,1157
saq,4096
saq-KE,4096
smn,28731
smj,31803
se,59
sms,29755
sma,30779
smn-FI,9275
smj-NO,4155
smj-SE,5179
se-FI,3131
se-NO,1083
se-SE,2107
sms-FI,8251
sma-NO,6203
sma-SE,7227
sg,4096
sg-CF,4096
sbp,4096
sbp-TZ,4096
sa,79
sa-IN,1103
gd,145
gd-GB,1169
seh,4096
seh-MZ,4096
sr,31770
sr-Cyrl,27674
sr-Cyrl-BA,7194
sr-Cyrl-XK,4096
sr-Cyrl-ME,12314
sr-Cyrl-RS,10266
sr-Latn,28698
sr-Latn-BA,6170
sr-Latn-XK,4096
sr-Latn-ME,11290
sr-Latn-RS,9242
st-LS,4096
nso,108
nso-ZA,1132
tn,50
tn-BW,2098
tn-ZA,1074
ksb,4096
ksb-TZ,4096
sn,4096
sn-Latn,4096
sn-Latn-ZW,4096
sd,89
sd-Arab,31833
sd-Deva,4096
sd-Deva-IN,1113
sd-Arab-PK,2137
si,91
si-LK,1115
sk,27
sk-SK,1051
sl,36
sl-SI,1060
xog,4096
xog-UG,4096
so,119
so-DJ,4096
so-ET,4096
so-KE,4096
so-SO,1143
nr,4096
nr-ZA,4096
st,48
st-ZA,1072
es,10
es-AR,11274
es-BZ,4096
es-BO,16394
es-BR,4096
es-CL,13322
es-CO,9226
es-CR,5130
es-CU,23562
es-DO,7178
es-EC,12298
es-SV,17418
es-GQ,4096
es-GT,4106
es-HN,18442
es-419,22538
es-MX,2058
es-NI,19466
es-PA,6154
es-PY,15370
es-PE,10250
es-PH,4096
es-PR,20490
es-ES,3082
es-US,21514
es-UY,14346
es-VE,8202
zgh,4096
zgh-Tfng,4096
zgh-Tfng-MA,4096
ss,4096
ss-ZA,4096
ss-SZ,4096
sv,29
sv-FI,2077
sv-SE,1053
sv-AX,4096
syr,90
syr-SY,1114
shi,4096
shi-Latn,4096
shi-Latn-MA,4096
shi-Tfng,4096
shi-Tfng-MA,4096
dav,4096
dav-KE,4096
tg,40
tg-Cyrl,31784
tg-Cyrl-TJ,1064
tzm,95
tzm-Latn,31839
tzm-Latn-DZ,2143
tzm-Tfng,30815
ta,73
ta-IN,1097
ta-MY,4096
ta-SG,4096
ta-LK,2121
twq,4096
twq-NE,4096
tt,68
tt-RU,1092
te,74
te-IN,1098
teo,4096
teo-KE,4096
teo-UG,4096
th,30
th-TH,1054
bo,81
bo-IN,4096
bo-CN,1105
tig,4096
tig-ER,4096
ti,115
ti-ER,2163
ti-ET,1139
to,4096
to-TO,4096
ts,49
ts-ZA,1073
tr,31
tr-CY,4096
tr-TR,1055
tk,66
tk-TM,1090
uk,34
uk-UA,1058
hsb,46
hsb-DE,1070
ur,32
ur-IN,2080
ur-PK,1056
ug,128
ug-CN,1152
uz,67
uz-Cyrl,30787
uz-Cyrl-UZ,2115
uz-Latn,31811
uz-Latn-UZ,1091
uz-Arab,4096
uz-Arab-AF,4096
vai,4096
vai-Latn,4096
vai-Latn-LR,4096
vai-Vaii,4096
vai-Vaii-LR,4096
ca-ES-valencia,2051
ve,51
ve-ZA,1075
vi,42
vi-VN,1066
vo,4096
vo-001,4096
vun,4096
vun-TZ,4096
wae,4096
wae-CH,4096
cy,82
cy-GB,1106
wal,4096
wal-ET,4096
wo,136
wo-SN,1160
yav,4096
yav-CM,4096
ii,120
ii-CN,1144
yi,61
yi-001,1085
yo,106
yo-BJ,4096
yo-NG,1130
dje,4096
dje-NE,4096
xh,52
xh-ZA,1076
zu,53
zu-ZA,1077
